名称	轨迹风格	轨迹点数量	总里程(米)	轨迹类别	备注信息
道路1-2	不显示距离与箭头	2	27.93908449	无	
道路2-3	不显示距离与箭头	2	24.355358	无	
道路2-4	不显示距离与箭头	2	75.73192786	无	
道路4-5	不显示距离与箭头	2	86.45985082	无	
道路5-6	不显示距离与箭头	2	68.13866543	无	
道路5-7	不显示距离与箭头	2	117.572211	无	
道路7-8	不显示距离与箭头	3	193.0851051	无	
道路8-9	不显示距离与箭头	3	124.7980407	无	
道路9-10	不显示距离与箭头	2	32.83753489	无	
道路9-11	不显示距离与箭头	2	37.98823371	无	
道路11-12	不显示距离与箭头	2	84.33300081	无	
道路11-13	不显示距离与箭头	2	26.17323716	无	
道路13-17	不显示距离与箭头	2	133.2688955	无	
道路13-14	不显示距离与箭头	2	23.08068426	无	
道路14-15	不显示距离与箭头	3	141.6050672	无	
道路14-16	不显示距离与箭头	2	129.9329958	无	
道路15-16	不显示距离与箭头	3	19.65724874	无	
道路16-17	不显示距离与箭头	2	22.63310136	无	
道路17-18	不显示距离与箭头	2	23.4463667	无	
道路18-19	不显示距离与箭头	7	498.5691058	无	
道路19-20	不显示距离与箭头	9	551.2848512	无	
道路20-21	不显示距离与箭头	2	53.97276499	无	
道路21-22	不显示距离与箭头	3	112.7207447	无	
道路13-21	不显示距离与箭头	2	98.10764209	无	
道路20-23	不显示距离与箭头	5	235.802653	无	
道路23-24	不显示距离与箭头	8	269.5958969	无	
道路23-25	不显示距离与箭头	5	254.8729608	无	
道路25-4	不显示距离与箭头	2	142.1346825	无	
道路25-26	不显示距离与箭头	2	264.3327282	无	
道路26-27	不显示距离与箭头	2	80.14181359	无	
道路27-28	不显示距离与箭头	5	146.4981948	无	
道路2-28	不显示距离与箭头	3	236.9706775	无	
道路28-29	不显示距离与箭头	10	222.840939	无	
道路29-30	不显示距离与箭头	4	173.7829896	无	
道路30-31	不显示距离与箭头	8	125.2099739	无	
道路30-32	不显示距离与箭头	32	762.4312573	无	
道路32-33	不显示距离与箭头	5	127.6093012	无	
道路33-34	不显示距离与箭头	18	547.4742922	无	
道路34-35	不显示距离与箭头	2	196.7777016	无	
道路35-36	不显示距离与箭头	2	123.1350252	无	
道路35-37	不显示距离与箭头	5	247.6582026	无	
道路37-38	不显示距离与箭头	11	260.4150332	无	
道路37-39	不显示距离与箭头	12	345.0789739	无	
道路39-40	不显示距离与箭头	92	1958.914957	无	
道路39-41	不显示距离与箭头	15	420.0639539	无	
道路41-42	不显示距离与箭头	30	610.5180586	无	
道路41-43	不显示距离与箭头	40	1530.574373	无	
道路43-44	不显示距离与箭头	7	158.0008995	无	
道路44-45	不显示距离与箭头	26	814.8795251	无	
道路44-46	不显示距离与箭头	31	1185.17158	无	
道路43-53	不显示距离与箭头	26	956.149493	无	
道路46-47	不显示距离与箭头	68	2347.175051	无	
道路46-48	不显示距离与箭头	6	234.0817839	无	
道路48-49	不显示距离与箭头	213	5477.75126	无	
道路49-50	不显示距离与箭头	3	51.93212107	无	
道路49-51	不显示距离与箭头	173	3281.533929	无	
道路48-52	不显示距离与箭头	71	2020.9366	无	
道路53-54	不显示距离与箭头	7	92.37992797	无	
道路53-55	不显示距离与箭头	2	19.85384966	无	
道路55-56	不显示距离与箭头	4	71.0447427	无	
道路56-57	不显示距离与箭头	12	586.4111127	无	
道路56-58	不显示距离与箭头	11	513.5388131	无	
道路55-59	不显示距离与箭头	68	1976.90005	无	
道路59-60	不显示距离与箭头	8	349.5959942	无	
道路60-61	不显示距离与箭头	8	327.6585439	无	
道路60-62	不显示距离与箭头	12	364.4169662	无	
道路59-63	不显示距离与箭头	133	4089.981477	无	
道路18-63	不显示距离与箭头	2	66.23479055	无	
道路8-18	不显示距离与箭头	6	178.9088684	无	
道路1-7	不显示距离与箭头	4	81.63576305	无	
道路1-64	不显示距离与箭头	2	60.40862375	无	
道路64-65	不显示距离与箭头	3	217.7896135	无	
道路29-65	不显示距离与箭头	7	131.5541566	无	
道路65-66	不显示距离与箭头	5	83.37556271	无	
道路63-64	不显示距离与箭头	8	469.4275245	无	
道路63-67	不显示距离与箭头	9	993.4352336	无	
道路67-68	不显示距离与箭头	14	552.3193228	无	
道路68-69	不显示距离与箭头	27	1228.067146	无	
道路69-71	不显示距离与箭头	8	164.0967557	无	
道路69-70	不显示距离与箭头	41	1523.97212	无	
道路68-72	不显示距离与箭头	183	7048.630412	无	
道路72-73	不显示距离与箭头	20	454.1351829	无	
道路72-74	不显示距离与箭头	36	1175.874073	无	
道路73-74	不显示距离与箭头	147	5034.277235	无	
道路74-75	不显示距离与箭头	2	118.5953266	无	
道路75-76	不显示距离与箭头	7	245.134621	无	
道路76-78	不显示距离与箭头	17	730.1629696	无	
道路78-79	不显示距离与箭头	8	195.6630204	无	
道路79-80	不显示距离与箭头	69	2318.23043	无	
道路74-81	不显示距离与箭头	117	3608.183901	无	
道路67-82	不显示距离与箭头	11	415.3373794	无	
道路82-83	不显示距离与箭头	4	95.68157784	无	
道路82-84	不显示距离与箭头	2	123.1235857	无	
道路84-85	不显示距离与箭头	4	100.7322065	无	
道路84-86	不显示距离与箭头	2	188.1114654	无	
道路86-87	不显示距离与箭头	9	608.2293657	无	
道路86-88	不显示距离与箭头	10	471.3716079	无	
道路87-88	不显示距离与箭头	22	549.7620327	无	
道路88-89	不显示距离与箭头	13	530.9987268	无	
道路89-90	不显示距离与箭头	19	482.1931166	无	
道路90-91	不显示距离与箭头	2	58.54089268	无	
道路90-92	不显示距离与箭头	12	439.9914805	无	
道路89-93	不显示距离与箭头	97	3273.325408	无	
道路87-94	不显示距离与箭头	12	365.4141991	无	
道路94-95	不显示距离与箭头	8	367.3304028	无	
道路95-96	不显示距离与箭头	2	265.1834901	无	
道路96-97	不显示距离与箭头	2	172.5779808	无	
道路95-97	不显示距离与箭头	15	409.9782843	无	
道路97-98	不显示距离与箭头	5	194.8995461	无	
道路98-99	不显示距离与箭头	2	128.8907369	无	
道路98-100	不显示距离与箭头	5	76.26145638	无	
道路100-101	不显示距离与箭头	2	130.7008545	无	
道路96-101	不显示距离与箭头	2	197.7123799	无	
道路100-102	不显示距离与箭头	5	314.7342123	无	
道路101-102	不显示距离与箭头	2	207.594209	无	
道路102-103	不显示距离与箭头	4	554.77062	无	
道路104-105	不显示距离与箭头	7	138.7545111	无	
道路105-106	不显示距离与箭头	46	1893.507406	无	
道路105-107	不显示距离与箭头	2	47.80525627	无	
道路107-108	不显示距离与箭头	8	440.7458361	无	
道路107-109	不显示距离与箭头	12	532.5495912	无	
道路109-110	不显示距离与箭头	16	423.0739026	无	
道路109-111	不显示距离与箭头	14	982.3092771	无	
道路94-113	不显示距离与箭头	2	61.10827705	无	
道路111-112	不显示距离与箭头	5	133.6070124	无	
道路112-113	不显示距离与箭头	5	145.0869054	无	
道路113-114	不显示距离与箭头	2	169.3553031	无	
道路114-115	不显示距离与箭头	9	329.3147795	无	
道路115-116	不显示距离与箭头	2	75.16838011	无	
道路116-117	不显示距离与箭头	3	128.3830245	无	
道路116-118	不显示距离与箭头	13	557.7657883	无	
道路115-119	不显示距离与箭头	17	937.4350773	无	
道路119-120	不显示距离与箭头	8	427.2398393	无	
道路19-119	不显示距离与箭头	7	570.5073328	无	
道路112-121	不显示距离与箭头	4	143.2814043	无	
道路114-121	不显示距离与箭头	13	383.4791494	无	
道路121-122	不显示距离与箭头	4	263.7900571	无	
道路111-122	不显示距离与箭头	2	213.3441169	无	
道路122-123	不显示距离与箭头	2	220.7983261	无	
道路122-124	不显示距离与箭头	33	1296.618436	无	
道路124-125	不显示距离与箭头	20	591.9539851	无	
道路124-126	不显示距离与箭头	31	974.7352138	无	
道路126-127	不显示距离与箭头	15	788.1140159	无	
道路127-128	不显示距离与箭头	19	445.0267327	无	
道路127-129	不显示距离与箭头	2	128.4916151	无	
道路129-130	不显示距离与箭头	5	248.1456019	无	
道路130-132	不显示距离与箭头	11	693.6719175	无	
道路132-133	不显示距离与箭头	6	236.1232093	无	
道路132-134	不显示距离与箭头	5	306.461199	无	
道路134-135	不显示距离与箭头	2	59.47458336	无	
道路135-136	不显示距离与箭头	49	1820.651386	无	
道路136-137	不显示距离与箭头	2	48.93590612	无	
道路136-138	不显示距离与箭头	3	92.47361177	无	
道路135-139	不显示距离与箭头	11	218.8555224	无	
道路134-140	不显示距离与箭头	44	2091.784127	无	
道路140-141	不显示距离与箭头	9	491.7394833	无	
道路141-142	不显示距离与箭头	2	36.44505046	无	
道路141-143	不显示距离与箭头	4	182.2668957	无	
道路130-131	不显示距离与箭头	10	313.6585725	无	
道路129-144	不显示距离与箭头	16	776.25924	无	
道路144-145	不显示距离与箭头	32	1565.131992	无	
道路145-146	不显示距离与箭头	21	942.2232282	无	
道路145-147	不显示距离与箭头	9	452.5872092	无	
道路147-148	不显示距离与箭头	34	706.6225709	无	
道路148-149	不显示距离与箭头	3	119.3636442	无	
道路148-150	不显示距离与箭头	6	339.5625323	无	
道路144-151	不显示距离与箭头	31	1321.010073	无	
道路151-152	不显示距离与箭头	2	136.8270791	无	
道路151-153	不显示距离与箭头	19	772.9871969	无	
道路153-154	不显示距离与箭头	2	201.3735671	无	
道路153-155	不显示距离与箭头	2	60.58132649	无	
道路155-156	不显示距离与箭头	16	547.1398706	无	
道路155-157	不显示距离与箭头	8	683.9483604	无	
道路157-158	不显示距离与箭头	3	68.51689621	无	
道路158-159	不显示距离与箭头	2	86.76318951	无	
道路158-160	不显示距离与箭头	3	41.38543829	无	
道路157-161	不显示距离与箭头	3	96.4177268	无	
道路161-162	不显示距离与箭头	6	321.2481164	无	
道路161-163	不显示距离与箭头	25	820.2485002	无	
道路163-164	不显示距离与箭头	3	50.81759634	无	
道路164-165	不显示距离与箭头	26	582.7694671	无	
道路164-166	不显示距离与箭头	7	152.2525397	无	
道路163-166	不显示距离与箭头	5	111.3904116	无	
道路166-167	不显示距离与箭头	6	294.9725922	无	
道路167-168	不显示距离与箭头	2	68.59104674	无	
道路126-188	不显示距离与箭头	16	886.7912158	无	
道路188-189	不显示距离与箭头	2	51.30759941	无	
道路187-188	不显示距离与箭头	2	43.62920776	无	
道路187-190	不显示距离与箭头	6	178.9335011	无	
道路190-191	不显示距离与箭头	8	374.9770275	无	
道路190-192	不显示距离与箭头	14	489.6210766	无	
道路190-191	不显示距离与箭头	8	436.8489799	无	
道路193-194	不显示距离与箭头	6	234.3419105	无	
道路193-195	不显示距离与箭头	25	862.9903856	无	
道路192-196	不显示距离与箭头	31	1720.509971	无	
道路185-187	不显示距离与箭头	26	1654.614788	无	
道路183-185	不显示距离与箭头	2	45.79050949	无	
道路185-186	不显示距离与箭头	11	392.4453612	无	
道路183-184	不显示距离与箭头	15	726.2955609	无	
道路182-183	不显示距离与箭头	26	1940.035759	无	
道路26-182	不显示距离与箭头	4	276.1583405	无	
道路168-169	不显示距离与箭头	3	177.8373926	无	
道路168-170	不显示距离与箭头	24	859.8808667	无	
道路170-171	不显示距离与箭头	12	414.0129634	无	
道路170-172	不显示距离与箭头	11	386.6867545	无	
道路172-173	不显示距离与箭头	11	521.8778922	无	
道路172-174	不显示距离与箭头	17	667.0663617	无	
道路174-175	不显示距离与箭头	5	427.6615051	无	
道路174-176	不显示距离与箭头	5	145.5070466	无	
道路176-177	不显示距离与箭头	8	282.9903211	无	
道路176-178	不显示距离与箭头	35	1655.171202	无	
道路178-179	不显示距离与箭头	4	199.0579454	无	
道路178-180	不显示距离与箭头	24	1005.134407	无	
道路180-181	不显示距离与箭头	35	1079.880273	无	
道路180-182	不显示距离与箭头	20	941.0592171	无	
道路27-197	不显示距离与箭头	19	857.205771	无	
道路197-201	不显示距离与箭头	40	1148.77298	无	
道路197-198	不显示距离与箭头	24	903.9271828	无	
道路198-199	不显示距离与箭头	2	14.79758573	无	
道路198-200	不显示距离与箭头	2	126.3194872	无	
道路201-202	不显示距离与箭头	10	208.345165	无	
道路201-203	不显示距离与箭头	92	2022.725852	无	
道路203-204	不显示距离与箭头	2	79.43137696	无	
道路203-205	不显示距离与箭头	88	2503.813577	无	
道路205-206	不显示距离与箭头	17	584.7196537	无	
道路206-207	不显示距离与箭头	19	665.2525449	无	
道路205-208	不显示距离与箭头	44	1011.571081	无	
道路208-209	不显示距离与箭头	5	105.6769199	无	
道路208-210	不显示距离与箭头	4	113.7928992	无	
道路210-211	不显示距离与箭头	3	22.55029009	无	
道路211-212	不显示距离与箭头	97	2801.609269	无	
道路212-213	不显示距离与箭头	34	1434.079746	无	
道路213-214	不显示距离与箭头	10	278.9553862	无	
道路213-215	不显示距离与箭头	22	953.0499593	无	
道路215-216	不显示距离与箭头	2	62.10156811	无	
道路215-217	不显示距离与箭头	23	890.3792703	无	
道路217-218	不显示距离与箭头	7	262.6393035	无	
道路217-219	不显示距离与箭头	6	414.6428021	无	
道路219-220	不显示距离与箭头	2	68.77293059	无	
道路219-221	不显示距离与箭头	5	120.5344847	无	
道路221-222	不显示距离与箭头	26	1795.739177	无	
道路222-223	不显示距离与箭头	13	506.7538014	无	
道路221-229	不显示距离与箭头	63	1870.958685	无	
道路212-225	不显示距离与箭头	35	1075.957896	无	
道路225-226	不显示距离与箭头	16	297.7802337	无	
道路225-227	不显示距离与箭头	4	110.3012379	无	
道路227-228	不显示距离与箭头	6	64.74147942	无	
道路34-227	不显示距离与箭头	24	719.9102789	无	
道路222-224	不显示距离与箭头	40	1871.750453	无	
道路224-225	不显示距离与箭头	5	59.47017461	无	
道路224-226	不显示距离与箭头	13	454.8903256	无	
道路226-227	不显示距离与箭头	3	119.9645717	无	
道路226-228	不显示距离与箭头	26	1023.538127	无	
